Horodateur;Discord #0000;D1 : Cat�gorie des Favoris;D1 : Cat�gorie des Outsiders;D1 : Cat�gorie des Talents;D2 : Cat�gorie des Favoris;D2 : Cat�gorie des Outsiders;D2 : Cat�gorie des Talents;D3 : Cat�gorie des Favoris;D3 : Cat�gorie des Outsiders;D3 : Cat�gorie des Talents;D4 : Cat�gorie des Favoris;D4 : Cat�gorie des Outsiders;D4 : Cat�gorie des Talents
04/07/2022 23:04;Nofeuskri#4746;FcT Adam (RedBull);PuR Voltha (Ferrari);MCR Jayrko (Alfa Romeo);RaavenBZH (Redbull);MVT Thomas (Mercedes);Legion Tomoe (Aston Martin);ERT Aurelius (Williams);RP1 Gachette (Aston Martin);MCR Papyx (Alfa Romeo);Yozana (Ferrari);RP1 Owain (Alfa Romeo);RP1 Fifou (Mclaren)
04/07/2022 23:05;SkS FlYArT#5679;RP1 Winterr (RedBull);RP1 Okwaru (Ferrari);PuR Stitoxxe (Alfa Romeo);PuR Racing (Williams);MVT Thomas (Mercedes);PuR Ilton (Alfa Romeo);Knacki Ball (Mclaren);SKS Flyart (Alfa Romeo);ERT Mirage (Alphatauri);Yozana (Ferrari);RP1 Owain (Alfa Romeo);XRT Aots (Alphatauri)
04/07/2022 23:06;PuR Ultraaa#9615;FcT Theo (Mercedes);RP1 Okwaru (Ferrari);PuR Stitoxxe (Alfa Romeo);VRT Tribion (Mclaren);MVT Thomas (Mercedes);PuR Ilton (Alfa Romeo);AlexGT500 (Haas);RP1 Gachette (Aston Martin);PuR Marth (Mclaren);Yozana (Ferrari);RP1 Ice (Mercedes);ERT Redevils (Redbull)
04/07/2022 23:06;RP1 Papash #1147;RP1 Winterr (RedBull);RP1 Okwaru (Ferrari);PuR Stitoxxe (Alfa Romeo);RaavenBZH (Redbull);MVT Thomas (Mercedes);TX3 Matt (Ferrari);ERT Aurelius (Williams);RP1 Gachette (Aston Martin);Istoozen eKo (Aston Martin);Yozana (Ferrari);RP1 Owain (Alfa Romeo);Playnum11 (Alpine)
04/07/2022 23:06;AfT L�wky#5739;FcT Adam (RedBull);PuR Varane (McLaren);MCR Jayrko (Alfa Romeo);RaavenBZH (Redbull);MVT Thomas (Mercedes);PuR Ilton (Alfa Romeo);ERT Aurelius (Williams);RP1 Gachette (Aston Martin);MCR Papyx (Alfa Romeo);RP1 Durtom (Aston Martin);Non4me Livai (Ferrari);XRT Aots (Alphatauri)
04/07/2022 23:07;PuRVarane#7856;FcT Theo (Mercedes);RP1 Luca (McLaren);PuR Stitoxxe (Alfa Romeo);VRT Tribion (Mclaren);PuR Vincent (Alfa Romeo);XRT Baka (Alpine);Non4me Cami (Redbull);ERT Wartors (Mercedes);MCR Papyx (Alfa Romeo);CRZ iQuaZz (Williams);RP1 Owain (Alfa Romeo);ERT Redevils (Redbull)
04/07/2022 23:09;MCR Path#8207;FcT Adam (RedBull);Vinboy (Alpha Tauri);TX3 Enzo (Haas);RaavenBZH (Redbull);PuR Vincent (Alfa Romeo);FcT LaSouche (Aston Martin);ECS Finesse (Mercedes);ERT Wartors (Mercedes);MCR Papyx (Alfa Romeo);CRZ iQuaZz (Williams);RP1 Owain (Alfa Romeo);TX3 Soap (Haas)
04/07/2022 23:11;ERT BatXone #8529;ERT Niloboo (Mercedes);RP1 Luca (McLaren);PuR Stitoxxe (Alfa Romeo);ERT BatXone (Redbull);MVT Thomas (Mercedes);XRT Baka (Alpine);ERT Aurelius (Williams);ERT Wartors (Mercedes);Nygraal (Ferrari);CRZ iQuaZz (Williams);RP1 Owain (Alfa Romeo);ERT Ricky (Williams)
04/07/2022 23:12;RP1 Vara#2877;FcT Theo (Mercedes);SHZ Noctis (Aston Martin);PuR Stitoxxe (Alfa Romeo);VRT Tribion (Mclaren);PuR Vincent (Alfa Romeo);PuR Ilton (Alfa Romeo);Non4me Cami (Redbull);SKS Flyart (Alfa Romeo);MCR Papyx (Alfa Romeo);ERT Tiiste (Alfa Romeo);RP1 Owain (Alfa Romeo);RP1 Lito (Alphatauri)
04/07/2022 23:14;RP1 iiuK #1332;FcT Theo (Mercedes);Vinboy (Alpha Tauri);MCR Jayrko (Alfa Romeo);RaavenBZH (Redbull);Exotic Oxygen (Alphatauri);BenBdBy (Haas);Knacki Ball (Mclaren);ERT Wartors (Mercedes);ERT Mirage (Alphatauri);Non4me Pagaa (Mercedes);Non4me Livai (Ferrari);ERT Redevils (Redbull)
04/07/2022 23:16;PuR Mattuvu#8960;FcT Theo (Mercedes);LDL Oli (Alpine);PuR Stitoxxe (Alfa Romeo);RP1 Virlix (Mercedes);PuR Vincent (Alfa Romeo);PuR Ilton (Alfa Romeo);ECS Finesse (Mercedes);SKS Flyart (Alfa Romeo);MCR Papyx (Alfa Romeo);RP1 Durtom (Aston Martin);Jancker21 (Aston Martin);AlexSCH71 (Alpine)
04/07/2022 23:20;RP1 Chadoo#8125;RP1 Winterr (RedBull);LDL Oli (Alpine);PuR Stitoxxe (Alfa Romeo);VRT Tribion (Mclaren);MVT Thomas (Mercedes);BenBdBy (Haas);ECS Finesse (Mercedes);RP1 Gachette (Aston Martin);Istoozen eKo (Aston Martin);RP1 Durtom (Aston Martin);RP1 Owain (Alfa Romeo);RP1 Fifou (Mclaren)
04/07/2022 23:20;ALEXGT500 GAME#2172;FcT Theo (Mercedes);PuR Varane (McLaren);TX3 Enzo (Haas);VRT Tribion (Mclaren);PuR Vincent (Alfa Romeo);PuR Ilton (Alfa Romeo);Knacki Ball (Mclaren);S0O Skyzzz (Redbull);ERT Toon (Haas);Non4me Pagaa (Mercedes);RP1 Owain (Alfa Romeo);Playnum11 (Alpine)
04/07/2022 23:22;RP1FIFI93#6211;RP1 Winterr (RedBull);RP1 Luca (McLaren);PuR Stitoxxe (Alfa Romeo);RaavenBZH (Redbull);XRT Darkfly (Alpine);RP1 Woody (Haas);ECS Finesse (Mercedes);RP1 Gachette (Aston Martin);RP1 Fifi (Alpine);Non4me Pagaa (Mercedes);RP1 Ice (Mercedes);RP1 Fifou (Mclaren)
04/07/2022 23:22;RP1 Winterr#0986;ERT Niloboo (Mercedes);SHZ Noctis (Aston Martin);TX3 Enzo (Haas);RaavenBZH (Redbull);Exotic Oxygen (Alphatauri);RP1 Woody (Haas);ECS Finesse (Mercedes);SKS Flyart (Alfa Romeo);Nygraal (Ferrari);RP1 Durtom (Aston Martin);Jancker21 (Aston Martin);XRT Aots (Alphatauri)
04/07/2022 23:24;ERT toon#4123;ERT Niloboo (Mercedes);PuR Varane (McLaren);MCR Jayrko (Alfa Romeo);ERT BatXone (Redbull);PuR Vincent (Alfa Romeo);BenBdBy (Haas);ERT Aurelius (Williams);ERT Wartors (Mercedes);ERT Toon (Haas);ERT Tiiste (Alfa Romeo);RP1 Ice (Mercedes);ERT Redevils (Redbull)
04/07/2022 23:26;FcT Theo#6461;FcT Theo (Mercedes);RP1 Luca (McLaren);TX3 Enzo (Haas);RaavenBZH (Redbull);MVT Thomas (Mercedes);XRT Baka (Alpine);ECS Finesse (Mercedes);ERT Wartors (Mercedes);ERT Mirage (Alphatauri);Non4me Pagaa (Mercedes);LRT Coach (Mclaren);TX3 Soap (Haas)
04/07/2022 23:28;PuR Ilton#1432;FcT Theo (Mercedes);RP1 Okwaru (Ferrari);PuR Stitoxxe (Alfa Romeo);VRT Tribion (Mclaren);AfT Lowky (Ferrari);PuR Ilton (Alfa Romeo);AlexGT500 (Haas);ERT Matfax (Williams);SPL EroziaH (AlphaTauri);Yozana (Ferrari);LRT Coach (Mclaren);XRT Aots (Alphatauri)
04/07/2022 23:30;PuR Vincent#5110;FcT Theo (Mercedes);PuR Varane (McLaren);PuR Stitoxxe (Alfa Romeo);RaavenBZH (Redbull);PuR Vincent (Alfa Romeo);PuR Ilton (Alfa Romeo);AlexGT500 (Haas);RP1 Gachette (Aston Martin);Nygraal (Ferrari);CRZ iQuaZz (Williams);Jancker21 (Aston Martin);TX3 Soap (Haas)
04/07/2022 23:31;RP1 Fifou#8771;ERT Niloboo (Mercedes);RP1 Okwaru (Ferrari);MCR Jayrko (Alfa Romeo);VRT Tribion (Mclaren);MVT Thomas (Mercedes);BenBdBy (Haas);Knacki Ball (Mclaren);RP1 Gachette (Aston Martin);MCR Papyx (Alfa Romeo);Yozana (Ferrari);LRT Coach (Mclaren);RP1 Fifou (Mclaren)
04/07/2022 23:42;ERT Jet#0218;FcT Theo (Mercedes);LDL Oli (Alpine);Modz Scboy (Haas);RaavenBZH (Redbull);MVT Thomas (Mercedes);XRT Baka (Alpine);ERT Aurelius (Williams);ERT Wartors (Mercedes);Nygraal (Ferrari);CRZ iQuaZz (Williams);RP1 Owain (Alfa Romeo);ERT Redevils (Redbull)
04/07/2022 23:57;QRL ZePro#8749;FcT Theo (Mercedes);PuR Varane (McLaren);PuR Stitoxxe (Alfa Romeo);VRT Tribion (Mclaren);MVT Thomas (Mercedes);FcT LaSouche (Aston Martin);ERT Aurelius (Williams);RP1 Gachette (Aston Martin);ERT Mirage (Alphatauri);Yozana (Ferrari);RP1 Ice (Mercedes);RP1 Fifou (Mclaren)
04/08/2022 00:00;SHZ Noctis #8461 ;FcT Theo (Mercedes);RP1 Luca (McLaren);XRT Arthur (Williams);RP1 Virlix (Mercedes);PuR Vincent (Alfa Romeo);TX3 Matt (Ferrari);ECS Finesse (Mercedes);SKS Flyart (Alfa Romeo);PuR Marth (Mclaren);Yozana (Ferrari);RP1 Ice (Mercedes);ERT Ricky (Williams)
04/08/2022 00:01;Mihai Rl#1826;FcT Adam (RedBull);RP1 Chadoo (Aston Martin);TX3 Enzo (Haas);RaavenBZH (Redbull);PuR Vincent (Alfa Romeo);RP1 Woody (Haas);Non4me Cami (Redbull);RP1 Gachette (Aston Martin);DucPasCharlie (Alpine);RP1 Durtom (Aston Martin);RP1 Owain (Alfa Romeo);RP1 Fifou (Mclaren)
04/08/2022 00:12;ERT Matfax#0803;ERT Niloboo (Mercedes);RP1 Luca (McLaren);MCR Path (Williams);RP1 Virlix (Mercedes);MVT Thomas (Mercedes);TX3 Matt (Ferrari);ERT Aurelius (Williams);ERT Matfax (Williams);ERT Mirage (Alphatauri);CRZ iQuaZz (Williams);RP1 Ice (Mercedes);ERT Ricky (Williams)
04/08/2022 00:13;XRT darkfly#3727;FcT Theo (Mercedes);RP1 Okwaru (Ferrari);PuR Stitoxxe (Alfa Romeo);RaavenBZH (Redbull);MVT Thomas (Mercedes);BenBdBy (Haas);Non4me Cami (Redbull);RP1 Gachette (Aston Martin);Nygraal (Ferrari);RP1 Durtom (Aston Martin);RP1 Owain (Alfa Romeo);XRT Aots (Alphatauri)
04/08/2022 00:13;ERT MiRaGE #6305 ;ERT Niloboo (Mercedes);LDL Oli (Alpine);PuR Stitoxxe (Alfa Romeo);RaavenBZH (Redbull);MVT Thomas (Mercedes);XRT Baka (Alpine);ERT Aurelius (Williams);ERT Wartors (Mercedes);ERT Mirage (Alphatauri);CRZ iQuaZz (Williams);RP1 Owain (Alfa Romeo);Is Honoka (Haas)
04/08/2022 00:15;LDL SAUMON#6724;FcT Theo (Mercedes);LDL Oli (Alpine);Modz Scboy (Haas);VRT Tribion (Mclaren);MVT Thomas (Mercedes);PuR Ilton (Alfa Romeo);ERT Aurelius (Williams);RP1 Gachette (Aston Martin);DucPasCharlie (Alpine);Non4me Pagaa (Mercedes);Non4me Livai (Ferrari);Non4me Jordy (Redbull)
04/08/2022 00:26;Oli0055#6847;FcT Theo (Mercedes);LDL Oli (Alpine);Modz Scboy (Haas);VRT Tribion (Mclaren);MVT Thomas (Mercedes);XRT Baka (Alpine);ERT Aurelius (Williams);SKS Flyart (Alfa Romeo);DucPasCharlie (Alpine);Non4me Pagaa (Mercedes);RP1 Owain (Alfa Romeo);Playnum11 (Alpine)
04/08/2022 01:03;Vinboy#8739;ERT Niloboo (Mercedes);LDL Oli (Alpine);PuR Stitoxxe (Alfa Romeo);ERT BatXone (Redbull);Exotic Oxygen (Alphatauri);PuR Ilton (Alfa Romeo);Non4me Cami (Redbull);RP1 Gachette (Aston Martin);ERT Toon (Haas);RP1 Durtom (Aston Martin);RP1 Ice (Mercedes);Playnum11 (Alpine)
04/08/2022 01:06;DurTom aka Infiltr�#1584;FcT Adam (RedBull);LDL Oli (Alpine);MCR Jayrko (Alfa Romeo);RaavenBZH (Redbull);MVT Thomas (Mercedes);RP1 Woody (Haas);ECS Finesse (Mercedes);RP1 Gachette (Aston Martin);DucPasCharlie (Alpine);RP1 Durtom (Aston Martin);Jancker21 (Aston Martin);RP1 Fifou (Mclaren)
04/08/2022 02:34;RP1 Caotik#4601;FcT Theo (Mercedes);Vinboy (Alpha Tauri);TX3 Enzo (Haas);RaavenBZH (Redbull);Exotic Oxygen (Alphatauri);RP1 Woody (Haas);AlexGT500 (Haas);ERT Wartors (Mercedes);CHR Olivz (Ferrari);CRZ iQuaZz (Williams);LRT Coach (Mclaren);RP1 Lito (Alphatauri)
04/08/2022 02:36;RP1 Maldini#2971;FcT Theo (Mercedes);LDL Oli (Alpine);TX3 Enzo (Haas);RaavenBZH (Redbull);Exotic Oxygen (Alphatauri);RP1 Woody (Haas);AlexGT500 (Haas);ERT Matfax (Williams);ERT Mirage (Alphatauri);CRZ iQuaZz (Williams);RP1 Ice (Mercedes);RP1 Lito (Alphatauri)
04/08/2022 05:12;ERT Aurelius#7215;ERT Niloboo (Mercedes);Vinboy (Alpha Tauri);PuR Stitoxxe (Alfa Romeo);VRT Tribion (Mclaren);MVT Thomas (Mercedes);FcT LaSouche (Aston Martin);ERT Aurelius (Williams);ERT Wartors (Mercedes);ERT Mirage (Alphatauri);CRZ iQuaZz (Williams);LRT Coach (Mclaren);ERT Ricky (Williams)
04/08/2022 06:58;RP1 Okwaru#9095 ;FcT Adam (RedBull);RP1 Okwaru (Ferrari);PuR Stitoxxe (Alfa Romeo);PuR Racing (Williams);MVT Thomas (Mercedes);RP1 Woody (Haas);ECS Finesse (Mercedes);SKS Flyart (Alfa Romeo);Nygraal (Ferrari);Yozana (Ferrari);RP1 Ice (Mercedes);RP1 Fifou (Mclaren)
04/08/2022 08:41;SPARTACUS#3657;FcT Theo (Mercedes);RP1 Okwaru (Ferrari);MCR Jayrko (Alfa Romeo);RaavenBZH (Redbull);AfT Lowky (Ferrari);BenBdBy (Haas);ERT Aurelius (Williams);ERT Matfax (Williams);CHR Olivz (Ferrari);Yozana (Ferrari);Non4me Livai (Ferrari);RP1 Lito (Alphatauri)
04/08/2022 12:09;Le Grinch#7237;FcT Adam (RedBull);RP1 Luca (McLaren);MCR Jayrko (Alfa Romeo);VRT Tribion (Mclaren);Exotic Oxygen (Alphatauri);FcT LaSouche (Aston Martin);Knacki Ball (Mclaren);RP1 Gachette (Aston Martin);MCR Papyx (Alfa Romeo);Non4me Pagaa (Mercedes);RP1 Ice (Mercedes);AlexSCH71 (Alpine)
04/08/2022 13:09;Woodylejouet#6399;RP1 Winterr (RedBull);RP1 Okwaru (Ferrari);PuR Stitoxxe (Alfa Romeo);ERT BatXone (Redbull);Exotic Oxygen (Alphatauri);BenBdBy (Haas);Knacki Ball (Mclaren);RP1 Gachette (Aston Martin);ERT Toon (Haas);RP1 Durtom (Aston Martin);RP1 Ice (Mercedes);RP1 Lito (Alphatauri)
04/08/2022 13:24;�XYG3N ?? #0970;RP1 Winterr (RedBull);PuR Voltha (Ferrari);PuR Stitoxxe (Alfa Romeo);PuR Racing (Williams);Exotic Oxygen (Alphatauri);PuR Ilton (Alfa Romeo);ERT Aurelius (Williams);RP1 Gachette (Aston Martin);SPL EroziaH (AlphaTauri);RP1 Durtom (Aston Martin);RP1 Owain (Alfa Romeo);TX3 Soap (Haas)
04/08/2022 13:26;LTR COACH#9830;FcT Theo (Mercedes);PuR Varane (McLaren);PuR Stitoxxe (Alfa Romeo);VRT Tribion (Mclaren);PuR Vincent (Alfa Romeo);Legion Tomoe (Aston Martin);Knacki Ball (Mclaren);RP1 Gachette (Aston Martin);ERT Mirage (Alphatauri);CRZ iQuaZz (Williams);LRT Coach (Mclaren);Non4me Jordy (Redbull)
04/08/2022 14:31;Istoozen eKo#0841;FcT Theo (Mercedes);Vinboy (Alpha Tauri);TX3 Enzo (Haas);RaavenBZH (Redbull);Exotic Oxygen (Alphatauri);RP1 Woody (Haas);ERT Aurelius (Williams);SKS Flyart (Alfa Romeo);ERT Mirage (Alphatauri);Non4me Pagaa (Mercedes);Jancker21 (Aston Martin);ERT Redevils (Redbull)
04/08/2022 16:18;RP1 Gachette#9691;FcT Adam (RedBull);RP1 Okwaru (Ferrari);MCR Jayrko (Alfa Romeo);RaavenBZH (Redbull);MVT Thomas (Mercedes);PuR Ilton (Alfa Romeo);ERT Aurelius (Williams);SKS Flyart (Alfa Romeo);ERT Mirage (Alphatauri);Yozana (Ferrari);RP1 Ice (Mercedes);ERT Redevils (Redbull)
04/08/2022 19:57;MCR Papyx53#4723;FcT Adam (RedBull);LDL Oli (Alpine);MCR Jayrko (Alfa Romeo);VRT Tribion (Mclaren);PuR Vincent (Alfa Romeo);Legion Tomoe (Aston Martin);ERT Aurelius (Williams);RP1 Gachette (Aston Martin);DucPasCharlie (Alpine);Non4me Pagaa (Mercedes);LRT Coach (Mclaren);TX3 Soap (Haas)
04/08/2022 20:14;ElDiablo#5634;RP1 Winterr (RedBull);PuR Voltha (Ferrari);MCR Jayrko (Alfa Romeo);RaavenBZH (Redbull);AfT Lowky (Ferrari);FcT Deadpool (McLaren);ECS Finesse (Mercedes);ERT Wartors (Mercedes);ERT Mirage (Alphatauri);ERT Tiiste (Alfa Romeo);LRT Coach (Mclaren);ERT Redevils (Redbull)
04/08/2022 21:03;Raven_#1681;FcT Adam (RedBull);LDL Oli (Alpine);TX3 Enzo (Haas);VRT Tribion (Mclaren);PuR Vincent (Alfa Romeo);FcT LaSouche (Aston Martin);ERT Aurelius (Williams);RP1 Gachette (Aston Martin);DucPasCharlie (Alpine);RP1 Durtom (Aston Martin);LRT Coach (Mclaren);RP1 Lito (Alphatauri)
04/08/2022 21:57;RP1 Virlix #2107;FcT Theo (Mercedes);RP1 Luca (McLaren);PuR Stitoxxe (Alfa Romeo);VRT Tribion (Mclaren);MVT Thomas (Mercedes);BenBdBy (Haas);Non4me Cami (Redbull);S0O Skyzzz (Redbull);DucPasCharlie (Alpine);CRZ iQuaZz (Williams);Jancker21 (Aston Martin);Playnum11 (Alpine)
04/09/2022 01:00;RP1 Ice#2372;RP1 Winterr (RedBull);RP1 Luca (McLaren);XRT Arthur (Williams);RP1 Virlix (Mercedes);MVT Thomas (Mercedes);RP1 Woody (Haas);ECS Finesse (Mercedes);ERT Wartors (Mercedes);RP1 Fifi (Alpine);Non4me Pagaa (Mercedes);RP1 Ice (Mercedes);RP1 Lito (Alphatauri)
04/09/2022 10:44;FcT Coco#6690;FcT Theo (Mercedes);PuR Voltha (Ferrari);PuR Stitoxxe (Alfa Romeo);RaavenBZH (Redbull);PuR Vincent (Alfa Romeo);FcT Coco (Williams);ECS Finesse (Mercedes);SKS Flyart (Alfa Romeo);ERT Mirage (Alphatauri);CRZ iQuaZz (Williams);RP1 Owain (Alfa Romeo);ERT Redevils (Redbull)
04/09/2022 21:34;ERT Niloboo#4074;ERT Niloboo (Mercedes);LDL Oli (Alpine);PuR Stitoxxe (Alfa Romeo);ERT BatXone (Redbull);MVT Thomas (Mercedes);FcT LaSouche (Aston Martin);AlexGT500 (Haas);ERT Matfax (Williams);ERT Mirage (Alphatauri);CRZ iQuaZz (Williams);RP1 Owain (Alfa Romeo);ERT Ricky (Williams)
04/10/2022 08:59;MCR JayRKO#5703;FcT Adam (RedBull);RP1 Luca (McLaren);PuR Stitoxxe (Alfa Romeo);PuR Racing (Williams);PuR Vincent (Alfa Romeo);PuR Ilton (Alfa Romeo);ERT Aurelius (Williams);S0O Skyzzz (Redbull);MCR Papyx (Alfa Romeo);Non4me Pagaa (Mercedes);RP1 Owain (Alfa Romeo);TX3 Soap (Haas)
04/11/2022 13:36;FcT Adam #6474;FcT Adam (RedBull);LDL Oli (Alpine);PuR Stitoxxe (Alfa Romeo);RaavenBZH (Redbull);MVT Thomas (Mercedes);TX3 Matt (Ferrari);AlexGT500 (Haas);S0O Skyzzz (Redbull);SPL EroziaH (AlphaTauri);Yozana (Ferrari);LRT Coach (Mclaren);TX3 Soap (Haas)
04/11/2022 14:23;Illus1on14#6024;FcT Theo (Mercedes);RP1 Okwaru (Ferrari);TX3 Enzo (Haas);RaavenBZH (Redbull);Exotic Oxygen (Alphatauri);RP1 Woody (Haas);Non4me Cami (Redbull);SKS Flyart (Alfa Romeo);MCR Papyx (Alfa Romeo);Non4me Pagaa (Mercedes);LRT Coach (Mclaren);Playnum11 (Alpine)
04/12/2022 17:41;FcT Deadpool #3868;FcT Adam (RedBull);RP1 Okwaru (Ferrari);MCR Jayrko (Alfa Romeo);RaavenBZH (Redbull);XRT Darkfly (Alpine);FcT Deadpool (McLaren);ERT Aurelius (Williams);RP1 Gachette (Aston Martin);ERT Mirage (Alphatauri);ERT Tiiste (Alfa Romeo);LRT Coach (Mclaren);AlexSCH71 (Alpine)
4/13/2022 22:09:27;JNPJD#6703;FcT Theo (Mercedes);PuR Voltha (Ferrari);PuR Stitoxxe (Alfa Romeo);PuR Racing (Williams);MVT Thomas (Mercedes);RP1 Woody (Haas);Knacki Ball (Mclaren);RP1 Gachette (Aston Martin);ERT Toon (Haas);Yozana (Ferrari);LRT Coach (Mclaren);Is Honoka (Haas)
4/14/2022 12:28:17;FcT Julien#1209;FcT Adam (RedBull);LDL Oli (Alpine);MCR Path (Williams);RaavenBZH (Redbull);MVT Thomas (Mercedes);RP1 Woody (Haas);ERT Aurelius (Williams);SKS Flyart (Alfa Romeo);DucPasCharlie (Alpine);RP1 Durtom (Aston Martin);LRT Coach (Mclaren);ERT Redevils (Redbull)
4/14/2022 18:00:33;IRC Niicklass #1494;ERT Niloboo (Mercedes);RP1 Okwaru (Ferrari);PuR Stitoxxe (Alfa Romeo);RaavenBZH (Redbull);PuR Vincent (Alfa Romeo);FcT LaSouche (Aston Martin);ECS Finesse (Mercedes);ERT Matfax (Williams);SPL EroziaH (AlphaTauri);RP1 Durtom (Aston Martin);RP1 Owain (Alfa Romeo);XRT Aots (Alphatauri)
4/14/2022 19:58:22;PuR Tomi #3009;FcT Adam (RedBull);RP1 Luca (McLaren);XRT Arthur (Williams);VRT Tribion (Mclaren);XRT Darkfly (Alpine);TX3 Matt (Ferrari);Knacki Ball (Mclaren);RP1 Gachette (Aston Martin);PuR Marth (Mclaren);Yozana (Ferrari);LRT Coach (Mclaren);RP1 Fifou (Mclaren)